<?xml version="1.0" encoding="UTF-8"?>
<project-private xmlns="http://www.netbeans.org/ns/project-private/1">
    <editor-bookmarks xmlns="http://www.netbeans.org/ns/editor-bookmarks/2" lastBookmarkId="0"/>
    <open-files xmlns="http://www.netbeans.org/ns/projectui-open-files/2">
        <group>
            <file>file:/D:/SoftwareHospital/HospitalManagementSystem27-Sep-2018/HospitalManagementSystem(27-Sep-2018)/Hospital_Management_Final/src/Patient/SearchPatient.java</file>
            <file>file:/D:/SoftwareHospital/HospitalManagementSystem27-Sep-2018/HospitalManagementSystem(27-Sep-2018)/Hospital_Management_Final/src/Receptionist/Receptionist_Panel.java</file>
            <file>file:/D:/SoftwareHospital/HospitalManagementSystem27-Sep-2018/HospitalManagementSystem(27-Sep-2018)/Hospital_Management_Final/src/Doctor/DeleteDoctor.java</file>
            <file>file:/D:/SoftwareHospital/HospitalManagementSystem27-Sep-2018/HospitalManagementSystem(27-Sep-2018)/Hospital_Management_Final/src/Admin/AdminMain.java</file>
            <file>file:/D:/SoftwareHospital/HospitalManagementSystem27-Sep-2018/HospitalManagementSystem(27-Sep-2018)/Hospital_Management_Final/src/Patient/NewPatientAdd.java</file>
            <file>file:/D:/SoftwareHospital/HospitalManagementSystem27-Sep-2018/HospitalManagementSystem(27-Sep-2018)/Hospital_Management_Final/src/Doctor/DoctorAdd.java</file>
            <file>file:/D:/SoftwareHospital/HospitalManagementSystem27-Sep-2018/HospitalManagementSystem(27-Sep-2018)/Hospital_Management_Final/src/Patient/Patient_Panel.java</file>
            <file>file:/D:/SoftwareHospital/HospitalManagementSystem27-Sep-2018/HospitalManagementSystem(27-Sep-2018)/Hospital_Management_Final/src/Receptionist/ReceptMain.java</file>
            <file>file:/D:/SoftwareHospital/HospitalManagementSystem27-Sep-2018/HospitalManagementSystem(27-Sep-2018)/Hospital_Management_Final/src/Receptionist/AddReceptionist.java</file>
            <file>file:/D:/SoftwareHospital/HospitalManagementSystem27-Sep-2018/HospitalManagementSystem(27-Sep-2018)/Hospital_Management_Final/src/Room/UpdateDelRoom.java</file>
            <file>file:/D:/SoftwareHospital/HospitalManagementSystem27-Sep-2018/HospitalManagementSystem(27-Sep-2018)/Hospital_Management_Final/src/Room/addRoom.java</file>
            <file>file:/D:/SoftwareHospital/HospitalManagementSystem27-Sep-2018/HospitalManagementSystem(27-Sep-2018)/Hospital_Management_Final/src/Room/UpdateRoom.java</file>
            <file>file:/D:/SoftwareHospital/HospitalManagementSystem27-Sep-2018/HospitalManagementSystem(27-Sep-2018)/Hospital_Management_Final/src/Admin/dept_add.java</file>
            <file>file:/D:/SoftwareHospital/HospitalManagementSystem27-Sep-2018/HospitalManagementSystem(27-Sep-2018)/Hospital_Management_Final/src/Doctor/UpdateDoc.java</file>
        </group>
    </open-files>
</project-private>
